{
  "best_model": "xgboost",
  "metrics": {
    "logistic_regression": {
      "accuracy": 0.48467,
      "precision": 0.23273136576564646,
      "recall": 0.7307692307692307,
      "f1": 0.35303127314727634,
      "roc_auc": 0.6159515794726604,
      "threshold": 0.4532835010909712
    },
    "random_forest": {
      "accuracy": 0.51349,
      "precision": 0.2408037366704856,
      "recall": 0.7100831600831601,
      "f1": 0.35964461994077,
      "roc_auc": 0.6296082023273701,
      "threshold": 0.48353209172452355
    },
    "xgboost": {
      "accuracy": 0.60316,
      "precision": 0.27214569123088583,
      "recall": 0.6345634095634095,
      "f1": 0.3809241521325388,
      "roc_auc": 0.658376471146252,
      "threshold": 0.49406126141548157
    }
  }
}